{
  "name": "Open.9",
  "course": [ "1", "2", "3", "4", "5", "6", "7", "8", "9" ],
  "tees": [ "gelb", "rot" ],
  "par": 36,
  "holes": {
	"1": {
	  "name": "Azalee",
	  "par": 4,
	  "rank": 1,
	  "overall": 366,
	  "center": [48.270726, 11.752708],
	  "tees": {
		  "gelb": [48.270840, 11.755183],
		  "rot": [48.27106, 11.754389]
	  },
	  "pin": [48.270654, 11.75027]
	},
	"2": {
	  "name": "Bambi",
	  "par": 3,
	  "rank": 2,
	  "overall": 127,
	  "center": [48.269601, 11.750227],
	  "tees": {
		  "gelb": [48.270174, 11.750044],
		  "rot": [48.270094, 11.75005]
	  },
	  "pin": [48.26918, 11.75065]
	},
	"3": {
	  "name": "Cäsar",
	  "par": 4,
	  "rank": 3,
	  "overall": 306,
	  "center": [48.26888, 11.751755],
	  "tees": {
		  "gelb": [48.268773, 11.75005],
		  "rot": [48.268751, 11.750811]
	  },
	  "pin": [48.269122579372706,11.754142642021181]
	},
	"4": {
	  "name": "Daphne",
	  "par": 4,
	  "rank": 4,
	  "overall": 328,
	  "center": [48.267884, 11.755484],
	  "tees": {
		  "gelb": [48.26910115497808, 11.754822582006456],
		  "rot": [48.26864766985183, 11.755026429891588]
	  },
	  "pin": [48.26681940553743,11.75687849521637]
	},
	"5": {
	  "name": "Everest",
	  "par": 3,
	  "rank": 5,
	  "overall": 146,
	  "center": [48.266541, 11.756019],
	  "tees": {
		  "gelb": [48.266459, 11.757006],
		  "rot": [48.266469, 11.756888]
	  },
	  "pin": [48.266591, 11.755037]
	},
	"6": {
	  "name": "Froze",
	  "par": 4,
	  "rank": 6,
	  "overall": 266,
	  "center": [48.267669, 11.754465],
	  "tees": {
		  "gelb": [48.266294481628144, 11.7544068396091],
		  "rot": [48.26677119846448, 11.75442025065422]
	  },
	  "pin": [48.268655, 11.754228]
	},
	"7": {
	  "name": "Garden",
	  "par": 3,
	  "rank": 7,
	  "overall": 148,
	  "center": [48.269592, 11.752704],
	  "tees": {
		  "gelb": [48.269505, 11.753862],
		  "rot": [48.269541, 11.753546]
	  },
	  "pin": [48.269496, 11.751856]
	},
	"8": {
	  "name": "Hortensy",
	  "par": 3,
	  "rank": 8,
	  "overall": 86,
	  "center": [48.269558, 11.751003],
	  "tees": {
		  "gelb": [48.269152, 11.751309],
		  "rot": [48.269223, 11.751275]
	  },
	  "pin": [48.269926, 11.750826]
	},
	"9": {
	  "name": "Israel",
	  "par": 4,
	  "rank": 9,
	  "overall": 353,
	  "center": [48.270262, 11.752332],
	  "tees": {
		  "gelb": [48.270329, 11.750038],
		  "rot": [48.270313, 11.751015]
	  },
	  "pin": [48.270533, 11.754742]
	}
  }
}
